"CY Ursae Majoris","CY Ursae Majoris","Q80607131","0"
"IY Ursae Majoris","IY Ursae Majoris","Q98523828","0"
"SW Ursae Majoris","SW Ursae Majoris","Q79603992","0"
"LEDA 1245565","LEDA 1245565","Q30896257","1"
"SN 2001en","SN 2001en","Q9328250","1"
"SN 1998bp","SN 1998bp","Q9327620","1"
"Arras railway station","Arras railway station","Q1990647","2"
"Guangzhou South railway station","Guangzhou South railway station","Q1073420","2"
"Bilbao-Abando","Bilbao-Abando","Q800535","2"
"Runddeln","Runddelen","Q7379764","3"
"Varefjfll","Vardefjell","Q24254907","3"
"Bukovc.","Bukovec","Q23826100","3"
"Lftschiff","Luftschiff","Q15118894","3"
"Lotterberh","Lotterberg","Q23822585","3"
"Hardy roses for New England gardens. No. 3","Hardy roses for New England gardens. No. 3","Q51389104","4"
"Catalog and hand book of valuable information to growers","Catalog and hand book of valuable information to growers","Q51389099","4"
"Planting contract","Planting contract","Q51389092","4"
"San Pedro","San Pedro","Q6063560","5"
"San Juan","San Juan","Q6063555","5"
"Parroquia Rafael Urdaneta","Parroquia Rafael Urdaneta","Q6063521","5"
"Parroquia Libertad","Parroquia Libertad","Q6063471","5"
"Parroquia La Pastora","Parroquia La Pastora","Q6063453","5"
"La Candelaria","La Candelaria","Q6063451","5"
"Ontinyent","Ontinyent","Q973641","6"
"Parla","Parla","Q824651","6"
"Riolobos","Riolobos","Q1613493","6"
"Cape Barren Island","Cape Barren Island","Q1034271","6"
"Lorena","Lorena","Q27868058","7"
"General Nott","General Nott","Q24027460","7"
"Claudia","Claudia","Q24027414","7"
"shipwrecking","shipwrecking","Q906512","8"
"V466 Andromedae","V466 Andromedae","Q91571634","9"
"VY Aquarii","VY Aquarii","Q86816688","9"
"IR Geminorum","IR Geminorum","Q83220680","9"
"BC Ursae Majoris","BC Ursae Majoris","Q85486413","9"
"CY Ursae Majoris","CY Ursae Majoris","Q80607131","9"
"Galadriel","Galadriel","Q204274","10"
"Amras","Amras","Q431704","10"
"Gil-galad","Gil-galad","Q718383","10"
"House of Finwë","House of Finwë","Q2472713","11"
"St Paul's Church","St Paul's Church","Q26546632","12"
"Tewkesbury Abbey","Tewkesbury Abbey","Q3405514","12"
"Selby Abbey","Selby Abbey","Q1703400","12"
"Grade II listed building","Grade II listed building","Q15700834","13"
"Grade I listed building","Grade I listed building","Q15700818","13"
"Arkhangelsky selsoviet","Arkhangelsky selsoviet","Q4070622","14"
"Zhuravno","Zhuravno","Q9273923","14"
"Haren","Haren","Q111625631","14"
"Arkhangelskoye","Arkhangelskoye","Q1060841","15"
"Zhuravno","Zhuravno","Q9273923","15"
"Haren","Haren","Q111625631","15"
"Cerro!Huarhurcocha","Cerro Huarhurcocha","Q31626589","16"
"Cerro Cuchdmia Punta","Cerro Cuchamia Punta","Q31626539","16"
"Cesro Andahuasi.","Cerro Andahuasi","Q31626527","16"
"Cerro Puludhe","Cerro Puluche","Q31626515","16"
"erro Cru Grande","Cerro Cruz Grande","Q31626502","16"
"Cesro Cariache Punta","Cerro Cariache Punta","Q31626489","16"
"2000 Summer Olympics","2000 Summer Olympics","Q8544","17"
"1996 Summer Olympics","1996 Summer Olympics","Q8531","17"
"1992 Summer Olympics","1992 Summer Olympics","Q8488","17"
"1988 Summer Olympics","1988 Summer Olympics","Q8470","17"
"1984 Summer Olympics","1984 Summer Olympics","Q8456","17"
"1980 Summer Olympics","1980 Summer Olympics","Q8450","17"
"1976 Summer Olympics","1976 Summer Olympics","Q8444","17"
"KV21","KV21","Q742922","18"
"KV49","KV49","Q690563","18"
"KV14","KV14","Q684908","18"
"KV45","KV45","Q662744","18"
"LIN 203","LIN 203","Q95031557","19"
"[SG2005] SMC 42","[SG2005] SMC 42","Q95031510","19"
"[SG2005] SMC 50","[SG2005] SMC 50","Q95031434","19"
"SXP 7.92","SXP 7.92","Q94302194","19"
"[SST2011] J124152.72+411631.7","[SST2011] J124152.72+411631.7","Q94203846","19"
"Jelgafell","Helgafell","Q1141849","20"
"Tungurahua voncano","Tungurahua volcano","Q207421","20"
"Kodutka","Khodutka","Q2670289","20"
"amehen","Gamchen","Q2666935","20"
"Yoyampplsky","Voyampolsky","Q2666931","20"
"Iceland","Iceland","Q189","21"
"Ecuador","Ecuador","Q736","21"
"Russia","Russia","Q159","21"
"Nordic Volcanological Center","Nordic Volcanological Center","Q9050633","22"
"Instituto Geofísico de la Escuela Politécnica Nacional","Instituto Geofísico de la Escuela Politécnica Nacional","Q29021307","22"
"Institute of Volcanology and Seismology","Institute of Volcanology and Seismology","Q2656051","22"
"Victory Through Air Power","Victory Through Air Power","Q2471434","23"
"Saludos Amigos","Saludos Amigos","Q842306","23"
"Adjustment","Adjustment","Q80571261","23"
"Marc Davis","Marc Davis","Q568631","24"
"Joe Grant","Joe Grant","Q205002","24"
"Ian Mackinnon","Ian Mackinnon","Q80570754","24"
"World War II","World War II","Q362","25"
"tourism","tourism","Q49389","25"
"obsession","obsession","Q6048309","25"
"Mella","Mella","Q658207","26"
"Florida","Florida","Q643617","26"
"Santa Cruz del Sur","Santa Cruz del Sur","Q643313","26"
"Nuevitas","Nuevitas","Q643081","26"
"Esmeralda","Esmeralda","Q643074","26"
"Sierra de Cubitas","Sierra de Cubitas","Q643052","26"
"Vertientes","Vertientes","Q643047","26"
"Candelaria","Candelaria","Q603136","27"
"Jobabo","Jobabo","Q600105","27"
"Venezuela","Venezuela","Q593830","27"
"Cienfuegos","Cienfuegos","Q190005","27"
"Artemisa","Artemisa","Q115006","27"
"Guanajay","Guanajay","Q114977","27"
"Zinyak","Zinyak","Q51913772","28"
"Preedex Yoa","Preedex Yoa","Q51879933","28"
"Gorrath","Gorrath","Q5411265","28"
"antagonist","antagonist","Q245204","29"
"main antagonist","main antagonist","Q55712911","29"
"CXOU J162046.2-513006","CXOU J162046.2-513006","Q89931562","30"
"2MASS J07363415+6538548","2MASS J07363415+6538548","Q89410737","30"
"WRAY 15-793","WRAY 15-793","Q89225314","30"
"2MASS J18553040-0236167","2MASS J18553040-0236167","Q88824209","30"
"OGLE LMC130.4 19472","OGLE LMC130.4 19472","Q88627319","30"
"Pariah","Pariah","Q2422510","31"
"Garth Ranzz","Garth Ranzz","Q2419213","31"
"He-Man","He-Man","Q550404","31"
"DC Universe","DC Universe","Q1152150","32"
"Masters of the Universe universe","Masters of the Universe universe","Q101210012","32"
"Adam","Adam","Q2329269","33"
"Kell","Kell","Q20671945","33"
"Garth","Garth","Q15039706","33"
"Black Lantern Corps","Black Lantern Corps","Q1648096","34"
"Legion of Super-Heroes","Legion of Super-Heroes","Q95031","34"
"Heroic Warriors","Heroic Warriors","Q25213020","34"
"Tom Cavanagh","Tom Cavanagh","Q256061","35"
"Calum Worthy","Calum Worthy","Q2934421","35"
"Dolph Lundgren","Dolph Lundgren","Q181678","35"
"Seymour Johnson Air Force Base","Seymour Johnson Air Force Base","Q1766303","36"
"Fort Gates","Fort Gates","Q5471202","36"
"Fort Anderson","Fort Anderson","Q5470726","36"
"C. Plummer","Christopher Plummer","Q190523","37"
"P. Kalyan","Pawan Kalyan","Q6067643","37"
"H. Roshan","Hrithik Roshan","Q233619","37"
"Kajol","Kajol","Q147395","37"
"Christopher Plummer filmography","Christopher Plummer filmography","Q48697869","38"
"Pawan Kalyan filmography","Pawan Kalyan filmography","Q18129290","38"
"Hrithik Roshan filmography","Hrithik Roshan filmography","Q18327500","38"
"Kajol filmography","Kajol filmography","Q18924381","38"
"John Abbott","John Abbott","Q128696","39"
"Allu Arjun","Allu Arjun","Q642827","39"
"Rajesh Roshan","Rajesh Roshan","Q2074877","39"
"Veeru Devgan","Veeru Devgan","Q7918225","39"
"City Highway 178A","City Highway 178A","Q64008275","40"
"City Highway 172A","City Highway 172A","Q65312909","40"
"City Highway 172B","City Highway 172B","Q65312906","40"
"County Highway 159A","County Highway 159A","Q65312966","40"
"City Highway 178","City Highway 178","Q15934132","41"
"City Highway 165","City Highway 165","Q15929921","41"
"City Highway 172","City Highway 172","Q15915629","41"
"County Highway 159","County Highway 159","Q15802435","41"
"City Highway 178","City Highway 178","Q15934132","42"
"City Highway 172","City Highway 172","Q15915629","42"
"County Highway 159","County Highway 159","Q15802435","42"
"Corot 1896-1875","Corot 1796-1875","Q41289330","43"
"Worshiping thg Ancestors: Chinese Commemorative Portraits","Worshiping the Ancestors: Chinese Commemorative Portraits","Q106575016","43"
"Ercole Ramazzani de lb Rocha - Aspetti del Manierismo nelle Marche della Controriforma","Ercole Ramazzani de la Rocha - Aspetti del Manierismo nelle Marche della Controriforma","Q101552120","43"
"Nexus 5X","Nexus 5X","Q21031158","44"
"Samsung Galaxy S6","Samsung Galaxy S6","Q18941713","44"
"BlackBerry Z30","BlackBerry Z30","Q16842889","44"
"Samsung Galaxy J","Samsung Galaxy J SGH","Q15637095","44"
"Motorola Moto Z4","Motorola Moto Z4","Q85786462","44"
"KIC 8248812","KIC 8248812","Q88873181","45"
"2MASS J19502866+4841366","2MASS J19502866+4841366","Q88872886","45"
"HD 162754","HD 162754","Q87061469","45"
"HD 160682","HD 160682","Q85605029","45"
"V* V2281 Cyg","V* V2281 Cyg","Q85005925","45"
"KOI-6427","KOI-6427","Q81031399","45"
"Ofer","Ofer","Q2777769","46"
"Manot","Manot","Q2777738","46"
"Tzuriel","Tzuriel","Q2777597","46"
"Dor","Dor","Q2777560","46"
"Aviel","Aviel","Q2523691","46"
"Balfouria","Balfouria","Q2479614","46"
"Cala Mitjana","Cala Mitjana","Q28120165","47"
"Cala Nova","Cala Nova","Q21705009","47"
"Mechanics Bay","Mechanics Bay","Q22699016","47"
"Mallorca","Mallorca","Q8828","48"
"Amery Ice Shelf","Amery Ice Shelf","Q470201","48"
"Felanitx","Felanitx","Q743741","49"
"Palma","Palma","Q8826","49"
"Antarctic Treaty area","Antarctic Treaty area","Q21590062","49"
"parberegg.","Sparberegg","Q2307128","50"
"Schwiederttorf","Schwiederstorf","Q2257454","50"
"Ohdeme","Oedeme","Q2014938","50"
"Ochsfngarten","Ochsengarten","Q2013597","50"
"Niedermduer","Niedermauern","Q1988251","50"
"Mösesn","Mösern","Q1958167","50"
"Höwisf","Höwisch","Q704158","51"
"Oldesum","Oldersum","Q883624","51"
"Oberhauzental.","Oberhautzental","Q877497","51"
"Snning","Senning","Q877444","51"
"Burg.","Burg","Q875159","51"
"eethen","Seethen","Q677041","51"
"Louville","Louville","Q1872349","52"
"Littrow","Littrow","Q1865962","52"
"Joliot","Joliot","Q3809832","52"
"Brunner","Brunner","Q2741579","52"
"Taylor","Taylor","Q2397857","52"
"Strabo","Strabo","Q2239699","52"
"Ceotral Island","Central Island","Q1053880","53"
"ristap da Cunha","Tristan da Cunha","Q2454241","53"
"Nos Be","Nosy Be","Q1330558","53"
"Buckle Iland","Buckle Island","Q999791","53"
"gallium-93","gallium-73","Q18844962","54"
"gallium-73","gallium-72","Q18844961","54"
"galliu-70","gallium-70","Q18844960","54"
"galium-66","gallium-66","Q18844959","54"
"gallium-6","gallium-65","Q18844958","54"
"gallum-64","gallium-64","Q18844957","54"
"galliup-63","gallium-63","Q18844956","54"
"UCAC2#30021172","UCAC2 30021172","Q91603515","55"
"VCAC2 30021283","UCAC2 30021283","Q91603422","55"
"UCAC2 3199059","UCAC2 30199059","Q91603051","55"
"Brás District","Brás District","Q12084541","56"
"Vila Prudente District","Vila Prudente District","Q10391152","56"
"Vila Matilde District","Vila Matilde District","Q10390966","56"
"John E. Jaqua Center for Student Athletes","John E. Jaqua Center for Student Athletes","Q12060885","57"
"Haus vun der Natur","Haus vun der Natur","Q13102969","57"
"Governor Oliver Ames Estate","Governor Oliver Ames Estate","Q14635252","57"
"University of Oregon","University of Oregon","Q766145","58"
"Luxembourg","Luxembourg","Q1842","58"
"The Trustees of Reservations","The Trustees of Reservations","Q7770575","58"
"Flag of Alexeyevsky District","flag of Alexeyevsky District","Q6677505","59"
"Flag of Nikolayevsky District","flag of Nikolayevsky District","Q18216724","59"
"Flag of Kuybyshevsky District","flag of Kuybyshevsky District","Q4486711","59"
"Stillfried","Stillfried","Q2349606","60"
"Villa Mairea","Villa Mairea","Q2706241","60"
"Design Museum","Design Museum","Q3330350","60"
"Yad Vashem","Yad Vashem","Q156591","60"
"Wartburg","Wartburg","Q151545","60"
"Idril","Idril","Q1767115","61"
"Turgon","Turgon","Q1135680","61"
"Galadriel","Galadriel","Q204274","61"
"Elenwë","Elenwë","Q2369345","62"
"Eärwen","Eärwen","Q1851004","62"
"Anairë","Anairë","Q2290764","62"
"Elenwë","Elenwë","Q2369345","63"
"Tuor","Tuor","Q1806136","63"
"Celeborn","Celeborn","Q719208","63"
"Turgon","Turgon","Q1135680","64"
"Finarfin","Finarfin","Q1135676","64"
"Fingolfin","Fingolfin","Q217190","64"
"Idril","Idril","Q1767115","65"
"Eärendil","Eärendil","Q593531","65"
"Celebrían","Celebrían","Q1643661","65"
"Wignacourt Aqueduct","Wignacourt Aqueduct","Q15527073","66"
"Pont del Diable","Pont del Diable","Q11942336","66"
"Catskill Aqueduct","Catskill Aqueduct","Q5054025","66"
"Salon d'Awtomne","Salon d'Automne","Q51092064","67"
"Simon Memorial Rrize","Simon Memorial Prize","Q24955922","67"
"Canadian Newsmaker of tje Year","Canadian Newsmaker of the Year","Q5030382","67"
"Boulevard Boisson","Boulevard Boisson","Q107214788","68"
"Danube Boulevard in Plovdiv","Danube Boulevard in Plovdiv","Q31192974","68"
"Tsar Boris III – Obedinitel Boulevard","Tsar Boris III – Obedinitel Boulevard","Q31192964","68"
"boulevard Richard-Wallace","boulevard Richard-Wallace","Q21098035","68"
"Sabanetas","Sabanetas","Q7395891","69"
"Real","Real","Q7300838","69"
"Tegucigalpa","Tegucigalpa","Q3238","70"
"Perth","Perth","Q3183","70"
"Sapporo","Sapporo","Q37951","70"
"Quito","Quito","Q2900","70"
"Tehran","Tehran","Q3616","70"
"Melbourne","Melbourne","Q3141","70"
"Algiers","Algiers","Q3561","70"
"Paris Gay Pride 2012","Paris Gay Pride 2012","Q65563102","71"
"Marche des fiertés en banlieue 2019 à Saint-Denis","Marche des fiertés en banlieue 2019 à Saint-Denis","Q64518212","71"
"Marche des Fiertés 2021 à Lyon","Marche des Fiertés 2021 à Lyon","Q109829122","71"
"Stockholm Palace","Stockholm Palace","Q750444","72"
"Communications Museum","Communications Museum","Q15905060","72"
"London Hotel","London Hotel","Q22695992","72"
"Shangri-La","Shangri-La","Q83147988","73"
"Studio 13","Studio 13","Q83036446","73"
"The Hit Factory","The Hit Factory","Q6122634","73"
"The Aucklander","The Aucklander","Q111610008","74"
"Hyatt Regency Auckland Residences","Hyatt Regency Auckland Residences","Q111603296","74"
"Scene One","Scene One","Q111603228","74"
"Federal Apartments","Federal Apartments","Q111603203","74"
"Kingsview Apartments","Kingsview Apartments","Q111598763","74"
"Hotel Grand Chancellor Auckland City","Hotel Grand Chancellor Auckland City","Q111408304","74"
"Shangri La","Shangri La","Q111398992","74"
"Abysinian Ground Hornbill","Abyssinian Ground Hornbill","Q480086","75"
"Great-winged Setrel","Great-winged Petrel","Q313391","75"
"Eastern ellow Robin","Eastern Yellow Robin","Q1082147","75"
"Red-backed Mouseblrd","Red-backed Mousebird","Q1074311","75"
"zirconium-98","zirconium-97","Q18845336","76"
"zironium-95","zirconium-95","Q18845335","76"
"zrconium-93","zirconium-93","Q18845334","76"
"Landesbühne (Lenz)","Landesbühne (Lenz)","Q67200083","77"
"Narrative of a Second Expedition to the Shores of the Polar Sea in the Years 1825, 1826, and 1827","Narrative of a Second Expedition to the Shores of the Polar Sea in the Years 1825, 1826, and 1827","Q67086798","77"
"The life and travels of Thomas Simpson, the Arctic discoverer","The life and travels of Thomas Simpson, the Arctic discoverer","Q74039895","77"
"Siegfried Lenz","Siegfried Lenz","Q76412","78"
"John Richardson","John Richardson","Q545944","78"
"Alexander Simpson","Alexander Simpson","Q74029515","78"
"Hoffmann und Campe","Hoffmann und Campe","Q2152124","79"
"John Murray","John Murray","Q1232629","79"
"Richard Bentley","Richard Bentley","Q172299","79"
"Mount Makihata","Mount Makihata","Q11479929","80"
"Schlicker Seespitze","Schlicker Seespitze","Q2239643","80"
"Saile","Saile","Q2212240","80"
"Kuhljochspitze","Kuhljochspitze","Q1791229","80"
"Riepenwand","Riepenwand","Q1740568","80"
"Marchreisenspitze","Marchreisenspitze","Q1514704","80"
"Middle Triassic","Middle Triassic","Q929395","81"
"Norian","Norian","Q1080207","81"
"Rose Tower","Rose Tower","Q648338","82"
"Atlanta Marriott Marquis","Atlanta Marriott Marquis","Q756193","82"
"Elm Place","Elm Place","Q11878340","82"
"Conrad Dubai","Conrad Dubai","Q550379","82"
"Michelangelo Towers","Michelangelo Towers","Q6836671","82"
"Westin Harbour Castle Hotel","Westin Harbour Castle Hotel","Q2565400","82"
"Dorint Hotel Tower","Dorint Hotel Tower","Q760541","82"
"NSV 13204","NSV 13204","Q93830531","83"
"V* DT Pup","V* DT Pup","Q93815970","83"
"V* V1056 Cas","V* V1056 Cas","Q93790169","83"
"V* V1305 Tau","V* V1305 Tau","Q93751425","83"
"V* V689 Cen","V* V689 Cen","Q93726712","83"
"V* V886 Per","V* V886 Per","Q93694725","83"
"Fatanity","Fatality","Q1982457","84"
"Misuer Mind","Mister Mind","Q2339564","84"
"Terax","Terrax","Q1984020","84"
"Tyr","Tyr","Q3544285","84"
"Scarlet Skie","Scarlet Skier","Q3545243","84"
"Viliax","Vilgax","Q3558401","84"
"Saint Walkfr","Saint Walker","Q3784237","84"
"Jade","Jade","Q2429447","85"
"Marvel Family","Marvel Family","Q1459178","85"
"Silver Surfer","Silver Surfer","Q95153","85"
"Timber Wolf","Timber Wolf","Q3991394","85"
"G'nort","G'nort","Q3755530","85"
"Max Tennyson","Max Tennyson","Q2834947","85"
"Larfleeze","Larfleeze","Q2398390","85"
"Cherokee County","Cherokee County","Q619609","86"
"Laurens County","Laurens County","Q508288","86"
"Sumter County","Sumter County","Q513933","86"
"South Carolina","South Carolina","Q1456","87"
"Typhoon Mindulle","Typhoon Mindulle","Q108665166","88"
"Tropical Storm Dianmu","Tropical Storm Dianmu","Q108661627","88"
"Typhoon Goni","Typhoon Goni","Q108316157","88"
"Typhoon Rai","Typhoon Rai","Q110087935","88"
"copper-78","copper-78","Q18844920","89"
"copper-77","copper-77","Q18844918","89"
"copper-75","copper-75","Q18844913","89"
"copper-74","copper-74","Q18844912","89"
"copper-73","copper-73","Q18844911","89"
"copper-70","copper-70","Q18844906","89"
"Hilton Frankfurt City Centre","Hilton Frankfurt City Centre","Q27825013","90"
"Hilton Garden Inn Dublin Custom House","Hilton Garden Inn Dublin City Centre","Q25529551","90"
"Hilton Zurich Airport","Hilton Zurich Airport","Q25204442","90"
"Hilton Baku","Hilton Baku","Q19714214","90"
"Hilton Manchester Deansgate","Hilton Manchester Deansgate","Q19513101","90"
"Tempe Municipal Building","Tempe Municipal Building","Q18158673","90"
"Hilton Worldwide","Hilton Worldwide","Q1057464","91"
"Tempe","Tempe","Q51685","91"
"Kıt’a (single piece) by Yedikuleli Seyyid Abdullah (SSM 110-0141)","Kıt’a (single piece) by Yedikuleli Seyyid Abdullah (SSM 110-0141)","Q108750933","92"
"Muraqqa (calligraphic album) containing calligraphies ascribed to Nazif Bey (SSM 120-0226)","Muraqqa (calligraphic album) containing calligraphies ascribed to Nazif Bey (SSM 120-0226)","Q108744733","92"
"A manual containing suras from the Qur'an and prayers (SSM 101-0288)","A manual containing suras from the Qur'an and prayers (SSM 101-0288)","Q108735931","92"
"Muraqqa (calligraphic album) by Abdülkadir Şükri (SSM 120-0523)","Muraqqa (calligraphic album) by Abdülkadir Şükri (SSM 120-0523)","Q108717605","92"
"Meşk (calligraphy exercise) by Abdurrahman Hilmi","Meşk (calligraphy exercise) by Abdurrahman Hilmi","Q108712006","92"
"Juz' 30 of the Quran signed by 'Abdullah al-Sayrafi","Juz' 30 of the Quran signed by 'Abdullah al-Sayrafi","Q108711574","92"
"Qur'an copied by the Şehzade Korkut (SSM 100-0279)","Qur'an copied by the Şehzade Korkut (SSM 100-0279)","Q108585577","92"
"Daleim","Dalheim","Q986412","93"
"Erpedange.","Erpeldange","Q986403","93"
"Woreldange","Wormeldange","Q985399","93"
"arocette","Larochette","Q985397","93"
"Linten","Lintgen","Q985395","93"
"Nommer","Nommern","Q985393","93"
"Gondolin Cdve","Gondolin Cave","Q5581472","94"
"Ginkgo Petrified Forest State Par","Ginkgo Petrified Forest State Park","Q5563141","94"
"Cropers Cave","Coopers Cave","Q5167942","94"
"Prokop vally","Prokop valley","Q3564060","94"
"Herkimer County","Herkimer County","Q487564","95"
"Rensselaer County","Rensselaer County","Q156566","95"
"Genesee County","Genesee County","Q115014","95"
"Essex County","Essex County","Q114992","95"
"Delaware County","Delaware County","Q115289","95"
"Putnam County","Putnam County","Q115266","95"
"New York","New York","Q1384","96"
"Hurricane Abby","Hurricane Abby (1960)","Q5947103","97"
"Tropical Storm Edouard","Tropical Storm Edouard","Q3517882","97"
"Tropical Storm Dolly","Tropical Storm Dolly","Q3517879","97"
"Tropical Storm Chris","Tropical Storm Chris","Q3517875","97"
"Tropical Storm Aletta","Tropical Storm Aletta","Q3517869","97"
"Hurricane Paul","Hurricane Paul","Q3358417","97"
"Sirkeci railway station","Sirkeci (Marmaray) railway station","Q109803831","98"
"Potsdamer Platz S-Bahn station","Potsdamer Platz S-Bahn station","Q106086519","98"
"München Hbf (tief) station","München Hbf (tief) station","Q105635178","98"
"Santa Maria di Licodia Sud railway station","Santa Maria di Licodia Sud railway station","Q87195419","98"
"S-Bahnhof Hamburg-Altona","S-Bahnhof Hamburg-Altona","Q70585725","98"
"Stuttgart Feuersee station","Stuttgart Feuersee station","Q53261512","98"
"Darwio","Darwin","Q90568351","99"
"Privilge","Privilege","Q90568336","99"
"SegurosBilbao","Seguros Bilbao","Q96199993","99"
"Direct Line Group","Direct Line Group","Q5280285","100"
"Catalana Occidente","Catalana Occidente","Q5936881","100"
"Trcm#line 8","Tram line 8","Q64022460","101"
"T6","T6","Q111263037","101"
"16","16","Q111155014","101"
"Tram lie 6","Tram line 6","Q108000749","101"
"Südvorstadt","Südvorstadt","Q90838614","102"
"Sirkeci","Sirkeci (T1)","Q107368951","102"
"Ginnheim","Ginnheim","Q104641825","102"
"Junikowo","Junikowo","Q110881413","102"
"LG G5","LG G5","Q22906342","103"
"Microsoft Lumia 950","Microsoft Lumia 950","Q21070532","103"
"Sony Xperia Z3","Sony Xperia Z3","Q17914035","103"
"Isfjorden","Isfjorden","Q1627557","104"
"Krossfjorden","Krossfjorden","Q1800049","104"
"Woodfjorden","Woodfjorden","Q2541605","104"
"Wijdefjorden","Wijdefjorden","Q1782839","104"
"Magdalenefjorden","Magdalenefjorden","Q1324045","104"
"Spitsbergen","Spitsbergen","Q21162","105"
"Albert I Land","Albert I Land","Q1103486","105"
"Colesbukta","Colesbukta","Q1108175","106"
"Möllerfjorden","Möllerfjorden","Q6373906","106"
"Liefdefjorden","Liefdefjorden","Q4567179","106"
"Vestfjorden","Vestfjorden","Q3441682","106"
"Gullybukta","Gullybukta","Q16891934","106"
"hynochetos jubatus","Rhynochetos jubatus","Q669634","107"
"Antarctic ern","Antarctic Tern","Q509423","107"
"uperb Lyrebird","Superb Lyrebird","Q757013","107"
"Pied ystercatcher","Pied Oystercatcher","Q781876","107"
"Eurynorkynchus pygmeus","Eurynorhynchus pygmeus","Q844897","107"
"senenium-85","selenium-85","Q18845152","108"
"slenium-94","selenium-84","Q18845151","108"
"selenium-86","selenium-83","Q18845150","108"
"selenium-73","selenium-72","Q18845148","108"
"bromine-85","bromine-85","Q18844813","109"
"bromine-84","bromine-84","Q18844811","109"
"bromine-83","bromine-83","Q18844810","109"
"arsenic-72","arsenic-72","Q18844786","109"
"Ponte de me Terese","Ponte de le Terese","Q56817091","110"
"Ponve San Giovanni","Ponte San Giovanni","Q56753862","110"
"Ponte San Martkno","Ponte San Martino","Q57998710","110"
"Ponte#Van Donato","Ponte San Donato","Q57983464","110"
"onte dek Preti","Ponte dei Preti","Q57326583","110"
"Ponte del Giavolo","Ponte del Diavolo","Q56683281","110"
"ines Lightkouse","Sines Lighthouse","Q1024908","111"
"Socreiras Lighthouse","Sobreiras Lighthouse","Q10280206","111"
"Outo Lighthouse","Outão Lighthouse","Q10280193","111"
"Forte do avalo Lighthouse","Forte do Cavalo Lighthouse","Q10280187","111"
"anta MartaLighthouse","Santa Marta Lighthouse","Q10280171","111"
"Azurara RearLighthouse","Azurara Rear Lighthouse","Q10280146","111"
"Chemung Cownty","Chemung County","Q854630","112"
"St. Lawrence Couny","St. Lawrence County","Q500569","112"
"Chenango ounty","Chenango County","Q487616","112"
"Van Mijenfjoren","Van Mijenfjorden","Q1586804","113"
"Rjogkøbing Fjord","Ringkøbing Fjord","Q1424942","113"
"Aglersparrefjorden","Adlersparrefjorden","Q16825473","113"
"Zorgdragerfjordhn","Zorgdragerfjorden","Q11213364","113"
"Finn Malmgrnfjorden","Finn Malmgrenfjorden","Q11213344","113"
"Kjerulf!jord","Kjerulf Fjord","Q21841056","113"
"Willem Cornelisz. van Muyden","Willem Cornelisz. van Muyden","Q4103233","114"
"Ringkøbing","Ringkøbing","Q502693","114"
"Axel Adlersparre","Axel Adlersparre","Q5542875","114"
"Cornelis Gijsbertsz Zorgdrager","Cornelis Gijsbertsz Zorgdrager","Q2997486","114"
"Finn Malmgren","Finn Malmgren","Q2734017","114"
"Theodor Kjerulf","Theodor Kjerulf","Q2121224","114"
"Toba City Toba Elementary School","Toba City Toba Elementary School","Q73848923","115"
"Fuji City Imaizumi Elementary School","Fuji City Imaizumi Elementary School","Q65262340","115"
"Kuroishi Shiritsu Botandaira Shōgakkō","Kuroishi Shiritsu Botandaira Shōgakkō","Q60985901","115"
"Lahori Gate","Lahori Gate","Q16931856","116"
"Torbau","Torbau","Q41319204","116"
"Southern Entrance Begijnhof Amsterdam","Southern Entrance Begijnhof Amsterdam","Q56704213","116"
"Liauckamastate","Liauckamastate","Q17613958","116"
"Uniastate, Bears","Gate Uniastate","Q17613776","116"
"India","India","Q668","117"
"Germany","Germany","Q183","117"
"Netherlands","Netherlands","Q55","117"
"Hôtel Cap-Estel","Hôtel Cap-Estel","Q98152561","118"
"Oberberg 61","Oberberg 61","Q96678510","118"
"Mas de Chastelas","Mas de Chastelas","Q63785207","118"
"Hotel Weisshorn","Hotel Weisshorn","Q63346622","118"
"Dharman","Dharman","Q63959132","119"
"Fulgur Ovid","Fulgur Ovid","Q111987081","119"
"Queen","Queen","Q104816252","119"
"Adam","Adam","Q2329269","119"
"scientist","scientist","Q901","120"
"VTuber","VTuber","Q55155641","120"
"pirate","pirate","Q10729326","120"
"mass murderer","mass murderer","Q15883433","120"
"HD 249179","HD 249179","Q90868103","121"
"RX J0123.4-7321","RX J0123.4-7321","Q94796411","121"
"X SMC X-2","X SMC X-2","Q94668445","121"
"X Persei","X Persei","Q4597650","121"
"X LMC X-3","X LMC X-3","Q3206084","121"
"LMC X-1","LMC X-1","Q2777677","121"
"Predlitz","Predlitz","Q42344347","122"
"Stadtbergen","Stadtbergen","Q41709246","122"
"Michelstetten","Michelstetten","Q33103647","122"
"Ahorn","Ahorn","Q29015792","122"
"Stillfried","Stillfried","Q2349606","122"
"Oberweg","Oberweg","Q2011429","122"
"Design for a Saknt Donatus.","Design for a Saint Donatus","Q56242147","123"
"Design for a Female Sint","Design for a Female Saint","Q56216465","123"
"Design for a SaintCatherine","Design for a Saint Catherine","Q56147024","123"
"Design for a Vkrgin Mary","Design for a Virgin Mary","Q56042129","123"
"Design for  female saint","Design for a female saint","Q56006468","123"
"Louise and her Father Johann Ludwig Visiting Alexisin Prison","Louise and her Father Johann Ludwig Visiting Alexis in Prison","Q58870985","123"
"Roermond","Roermond","Q8167972","124"
"Dutch State","Dutch State","Q2024455","124"
"E. E. Velkiers","Esther Elizabeth Velkiers","Q5401176","125"
"E. Kegel","Emanuel Kegel","Q5369091","125"
"E. Purcell","Edward Purcell","Q5344922","125"
"E. Finch","Edward Finch","Q5342899","125"
"D. D. Melgás","Diogo Dias Melgás","Q5279193","125"
"J. J. Vilsmayr","Johann Joseph Vilsmayr","Q587869","125"
"J. Addams","Jane Addams","Q180989","125"
"Baroque music","Baroque music","Q8361","126"
"socialism","socialism","Q7272","126"
"death of Linda Norgrove","death of Linda Norgrove","Q104521362","127"
"Death of Cleopatra","Death of Cleopatra","Q30315441","127"
"Mark Chua","Mark Chua","Q6767071","127"
"Korangal Valley","Korangal Valley","Q6431405","128"
"Alexandria","Alexandria","Q87","128"
"Manila","Manila","Q1461","128"
"The Death of the Virgin","The Death of the Virgin","Q18338576","129"
"The Flight into Egypt","The Flight into Egypt","Q18338572","129"
"The Annunciation","The Annunciation","Q18338566","129"
"Saint Philip","Saint Philip","Q64959995","129"
"The Angel Appearing to Joachim","The Angel Appearing to Joachim","Q18338562","129"
"Christ appears to Mary Magdalene","Christ appears to Mary Magdalene","Q18338826","129"
"The Adoration of the Magi","The Adoration of the Magi","Q18338569","129"
"Virgin Mary","Virgin Mary","Q345","130"
"Jesus","Jesus","Q302","130"
"Annunciation","Annunciation","Q154326","130"
"Philip the Apostle","Philip the Apostle","Q43675","130"
"Joachim","Joachim","Q314700","130"
"Mary Magdalene","Mary Magdalene","Q63070","130"
"Life of the Virgin","Life of the Virgin","Q4014884","131"
"The Martyrdom of the Twelve Apostles","The Martyrdom of the Twelve Apostles","Q96983354","131"
"Little Passion","Little Passion","Q3377374","131"
"Jatibonico","Jatibonico","Q861575","132"
"Palma Soriano","Palma Soriano","Q742835","132"
"Mella","Mella","Q658207","132"
"DKV","DKV","Q14552531","133"
"Gerling","Gerling Group","Q1513764","133"
"China Life Insurance Company","China Life Insurance Company","Q5099767","133"
"De Centrale","De Centrale","Q21268923","133"
"HDI","HDI","Q17322068","133"
"Alka","Alka","Q12301042","133"
"Cologne","Cologne","Q365","134"
"Taipei","Taipei","Q1867","134"
"The Hague","The Hague","Q41795540","134"
"Hanover","Hanover","Q1715","134"
"Ballerup","Ballerup","Q28143","134"
"Heather Bell","Heather Bell","Q24027208","135"
"Syren","Syren","Q24027204","135"
"Majestic","Majestic","Q24027108","135"
"Diana","Diana","Q27868088","135"
"Mary Evans","Mary Evans","Q27868083","135"
"Hazelwood","Hazelwood","Q27868071","135"
"Glenalvon","Glenalvon","Q27868060","135"
"shipwrecking","shipwrecking","Q906512","136"
"Marcus Wright","Marcus Wright","Q22675639","137"
"Genos","Genos","Q62397857","137"
"Henry Heywood","Henry Heywood","Q49414389","137"
"John Silver","John Silver","Q27926028","137"
"murderer","murderer","Q931260","138"
"superhero","superhero","Q188784","138"
"cook","cook","Q156839","138"
"chbach","Puchbach","Q110310562","139"
"Sankt Alban, Saozburg.","Sankt Alban, Salzburg","Q109316369","139"
"Summercu","Summerau","Q108905641","139"
"ebers","Reibers","Q107475842","139"
"Hädklingen","Häcklingen","Q832308","139"
"Berkio","Berkhof","Q820909","139"
"KV53","KV53","Q1719163","140"
"KV46","KV46","Q1719159","140"
"KV42","KV42","Q1719155","140"
"WV23","WV23","Q2706226","140"
"Tomb of Cyrus the Great","Tomb of Cyrus the Great","Q2635530","140"
"KV2","KV2","Q1347523","140"
"That's Rich","That's Rich","Q112110887","141"
"Dromendief","Dromendief","Q111968018","141"
"Mee naar Diemen-Zuid","Mee naar Diemen-Zuid","Q111958437","141"
"Mag ik naar je kijken","Mag ik naar je kijken","Q111931536","141"
"22","22","Q111652280","141"
"Fuck You","Fuck You","Q111652277","141"
"Enitsa","Enitsa","Q2457167","142"
"Varbovo","Varbovo","Q2457143","142"
"Belyovo","Belyovo","Q2456970","142"
"Vihren","Vihren","Q2456873","142"
"Bukovo","Bukovo","Q2456832","142"
"Borovo","Borovo","Q2456811","142"
"NGC 2682 20","NGC 2682 20","Q91852257","143"
"BD+12 1919","BD+12 1919","Q91852221","143"
"TYC 3125-2188-1","TYC 3125-2188-1","Q95399903","143"
"CD-63 408","CD-63 408","Q94949288","143"
"SCMS 1296","SCMS 1296","Q94702094","143"
"City of Death","City of Death","Q5123647","144"
"Castrovalva","Castrovalva","Q5050828","144"
"Pyramids of Mars","Pyramids of Mars","Q4997878","144"
"An Unearthly Child","An Unearthly Child","Q1768718","144"
"Groenendaal","Groenendaal","Q17599249","145"
"Cemetery Kranenburg","Cemetery Kranenburg","Q17599513","145"
"Begraafplaats Orthen","Orthen Cemetery","Q18773725","146"
"Cemetery Kranenburg","Cemetery Kranenburg","Q17599513","146"
"'s-Hertogenbosch","'s-Hertogenbosch","Q2766547","147"
"Vorden","Vorden","Q1615554","147"
"LahoriGate","Lahori Gate","Q16931856","148"
"Algemene Begraaplaats","Algemene Begraafplaats","Q17602910","148"
"Gatehouse at Tchoonderlogt","Gatehouse at Schoonderlogt","Q17601334","148"
"orba","Torbau","Q41319204","148"
"Ediuonplein 26, Hilversum","Edisonplein 26, Hilversum","Q17449979","148"
"lswout iatehouse","Elswout gatehouse","Q17187009","148"
"Central Delhi district","Central Delhi district","Q107941","149"
"Leidschendam-Voorburg","Leidschendam-Voorburg","Q112675","149"
"Overbetuwe","Overbetuwe","Q600871","149"
"Gerolzhofen","Gerolzhofen","Q519134","149"
"Hilversum","Hilversum","Q9934","149"
"Bloemendaal","Bloemendaal","Q9908","149"
"Barton Swing Aqueduct","Barton Swing Aqueduct","Q809555","150"
"Pont tournant de Combleux","Pont tournant de Combleux","Q3397649","150"
"Third Avenue Bridge","Third Avenue Bridge","Q7784766","150"
"Hisingsbron","Hisingsbron","Q10524556","150"
"Bahnhofsbrücke Warnemünde","Bahnhofsbrücke Warnemünde","Q2657983","150"
"Sundkil Bridge","Sundkil Bridge","Q19391121","150"
"Manchester Ship Canal","Manchester Ship Canal","Q935570","151"
"Canal d'Orléans","Canal d'Orléans","Q639370","151"
"Harlem River","Harlem River","Q597451","151"
"Göta älv","Göta älv","Q214748","151"
"Alter Strom","Alter Strom","Q32214159","151"
"Sundkilen","Sundkilen","Q11223542","151"
"Ayan","Ayan","Q28732299","152"
"Cosy Cove","Cosy Cove","Q102194193","152"
"Glen Cove","Glen Cove","Q49378028","152"
"Sea of Okhotsk","Sea of Okhotsk","Q41602","153"
"Stoco Lake","Stoco Lake","Q7359505","153"
"Carr Inlet","Carr Inlet","Q5045968","153"
"Rocca","Rocca","Q2160147","154"
"Vendelinus","Vendelinus","Q2151737","154"
"Porter","Porter","Q2105050","154"
"Pons","Pons","Q2103599","154"
"Poisson","Poisson","Q2100856","154"
"Eagle","Eagle","Q2083022","154"
"Begunovtsi","Begunovtsi","Q1074178","155"
"Dzhinchovtsi","Dzhinchovtsi","Q1074170","155"
"Volno","Volno","Q2653367","155"
"Musée Saint-Raymond, 26480","Musée Saint-Raymond, 26480","Q55656052","156"
"Musée Saint-Raymond, 26389","Musée Saint-Raymond, 26389","Q55656015","156"
"Mamarce Oinochoe","Mamarce Oinochoe","Q2016876","156"
"Musée Saint-Raymond, 26508","Musée Saint-Raymond, 26508","Q55656060","156"
"Musée Saint-Raymond, 26100","Musée Saint-Raymond, 26100","Q55655898","156"
"Musée Saint-Raymond, 26507","Musée Saint-Raymond, 26507","Q55656059","156"
"lion","lion","Q140","157"
"horse","horse","Q726","157"
"belt","belt","Q134560","157"
"ball","ball","Q18545","157"
"Hedera","Hedera","Q26771","157"
"Pyotr Fedoseyev","Pyotr Fedoseyev","Q3512648","158"
"Evald Ilyenkov","Evald Ilyenkov","Q1382977","158"
"Leonid Fëdorovič Il'ičëv","Leonid Fëdorovič Il'ičëv","Q3830605","158"
"Julius Caesar","Julius Caesar","Q1048","158"
"Theodore Roosevelt","Theodore Roosevelt","Q33866","158"
"Novodevichy Cemetery","Novodevichy Cemetery","Q208175","159"
"Kuntsevo Cemetery","Kuntsevo Cemetery","Q1514332","159"
"Temple of Caesar","Temple of Caesar","Q1133288","159"
"Youngs Memorial Cemetery","Youngs Memorial Cemetery","Q14707829","159"
"Communist Party of the Soviet Union","Communist Party of the Soviet Union","Q79854","160"
"populares","populares","Q271108","160"
"Republican Party","Republican Party","Q29468","160"
"Category:20th-century philosophy","Category:20th-century philosophy","Q8206156","161"
"Late Roman Republic","Late Roman Republic","Q2815472","161"
"Progressive Era","Progressive Era","Q2635158","161"
"Vecforštate Old Believers' House of Prayer","Vecforštate Old Believers' House of Prayer","Q4320769","162"
"Old Believers Church of the Nativity of the Theotokos in Daugavpils","Old Believers Church of the Nativity of the Theotokos in Daugavpils","Q4300374","162"
"St. Nicholas Church","St. Nicholas Church","Q30037752","162"
"Old Believers church in Tiraspol","Old Believers church in Tiraspol","Q47538765","162"
"Church of Protection of the Holy Virgin in Minkavičy","Church of Protection of the Holy Virgin in Minkavičy","Q25536489","162"
"Old Believers","Old Believers","Q223710","163"
"Russian Orthodox Old-Rite Church","Russian Orthodox Old-Rite Church","Q1636683","163"
"Latvia","Latvia","Q211","164"
"Ukraine","Ukraine","Q212","164"
"Moldova","Moldova","Q217","164"
"Belarus","Belarus","Q184","164"
"The SpongeBob SqwarePants Movie","The SpongeBob SquarePants Movie","Q579928","165"
"Tie Fabulous Baron Munchausen","The Fabulous Baron Munchausen","Q7732986","165"
"Paria, Mirabela","Maria, Mirabela","Q4281621","165"
"The Congrss.","The Congress","Q3520383","165"
"Space Jam:A New Legacy","Space Jam: A New Legacy","Q56850065","165"
"Coo World","Cool World","Q26265","165"
"color","color","Q22006653","166"
"black and white","black and white","Q838368","166"
"Mr. Lawrence","Mr. Lawrence","Q4408","167"
"Jan Libíček","Jan Libíček","Q74699","167"
"Mihai Constantinescu","Mihai Constantinescu","Q12735453","167"
"Frances Fisher","Frances Fisher","Q35011","167"
"Zac Efron","Zac Efron","Q45229","167"
"Charlie Adler","Charlie Adler","Q2557451","167"
"Indian National Academy of Engineering","Indian National Academy of Engineering","Q6021009","168"
"Royal Academy of Sciences and Arts of Barcelona","Royal Academy of Sciences and Arts of Barcelona","Q9066994","168"
"Real Academia de Ciencias Económicas y Financieras","Real Academia de Ciencias Económicas y Financieras","Q6101686","168"
"Royal Academy of Pharmacy","Royal Academy of Pharmacy","Q2895433","168"
"National Academies of Sciences, Engineering, and Medicine","National Academies of Sciences, Engineering, and Medicine","Q3233780","168"
"Royal Swedish Academy of War Sciences","Royal Swedish Academy of War Sciences","Q3395778","168"
"Royal Swedish Academy of Engineering Sciences","Royal Swedish Academy of Engineering Sciences","Q3394637","168"
"New Delhi","New Delhi","Q987","169"
"Barcelona","Barcelona","Q1492","169"
"Royal Academy of Pharmacy building","Royal Academy of Pharmacy building","Q29903068","169"
"Washington, D.C.","Washington, D.C.","Q61","169"
"Stockholm","Stockholm","Q1754","169"
"National Assembly","National Assembly","Q1760847","170"
"House of Representatives","House of Representatives","Q1501976","170"
"Reichenau","Reichenau","Q2139125","171"
"Baumgartenberg","Baumgartenberg","Q811559","171"
"Sankt Sebastian","Sankt Sebastian","Q689147","171"
"Ranshofen","Ranshofen","Q42328863","171"
"assassination of Gene Viernes and Silme Domingo","assassination of Gene Viernes and Silme Domingo","Q108936761","172"
"Murder of Alexandros Grigoropulos","Murder of Alexandros Grigoropulos","Q108828162","172"
"Murder of Holly Jones","Murder of Holly Jones","Q108442504","172"
"Murder of Marwa El-Sherbini","Murder of Marwa El-Sherbini","Q108294791","172"
"murder of Samuel Luiz","murder of Samuel Luiz","Q107419831","172"
"murder of Jesse Valencia","murder of Jesse Valencia","Q106991501","172"
"murder of William Butler","murder of William Butler","Q106875886","172"
"Suva","Suva","Q684011","173"
"Concordia","Concordia","Q1124160","173"
"Continentale","Continentale","Q1128861","173"
"Colonia","Colonia","Q1110685","173"
"Garantia","Garantia","Q11860292","173"
"Anstalt des öffentlichen Rechts","Anstalt des öffentlichen Rechts","Q89651843","174"
"association","association","Q15177651","174"
"mutual organization","mutual organization","Q955214","174"
"Aktiengesellschaft","Aktiengesellschaft","Q422062","174"
"insurance company","insurance company","Q107173841","174"
"Hyde","Hyde","Q306122","175"
"Haruna Iikubo","Haruna Iikubo","Q265069","175"
"Kyoko Fukada","Kyoko Fukada","Q253882","175"
"Arthur Kuroda","Arthur Kuroda","Q838658","175"
"Leslie Cheung","Leslie Cheung","Q313596","175"
"Dwight D. Eisenhower","Dwight D. Eisenhower","Q9916","175"
"O","O","Q19831451","176"
"Japanese","Japanese","Q5287","177"
"English","English","Q1860","177"
"Chinese","Chinese","Q7850","177"
"A Survey of Ameuican Painting","A Survey of American Painting","Q28823070","178"
"ontemporary Negro Art","Contemporary Negro Art","Q28737078","178"
"de Kooning: A Retopective","de Kooning: A Retrospective","Q23013969","178"
"Boumort","Boumort","Q17386829","179"
"El Castellar","El Castellar","Q16608834","179"
"Eldhraun","Eldhraun","Q16303663","179"
"Hricovec","Hricovec","Q15457470","179"
"Hughes Mountain","Hughes Mountain","Q14704319","179"
"Jankov vŕšok","Jankov vŕšok","Q13419805","179"
"Vápeč","Vápeč","Q12772728","179"
"Worb SBB railway station","Worb SBB railway station","Q31454500","180"
"Pečky train station","Pečky train station","Q18180455","180"
"Nymburk hlavní nádraží","Nymburk hlavní nádraží","Q18180441","180"
"Weilheim (Oberbay) station","Weilheim (Oberbay) station","Q11774738","180"
"Secunderabad Junction railway station","Secunderabad Junction railway station","Q7444810","180"
"S Sagittae","S Sagittae","Q6116381","181"
"Eta Sculptoris","Eta Sculptoris","Q5177988","181"
"HD 211392","HD 211392","Q1747992","181"
"Alpha Antliae","Alpha Antliae","Q1581928","181"
"Lambda Herculis","Lambda Herculis","Q1536950","181"
"72 Pegasi","72 Pegasi","Q4643196","181"
"4 Cassiopeiae","4 Cassiopeiae","Q4639031","181"
"Montgomery Bell State Prk","Montgomery Bell State Park","Q6905653","182"
"Henry Horton State Rark","Henry Horton State Park","Q5723264","182"
"Fall#Creek Falls State Park","Fall Creek Falls State Park","Q5432019","182"
"Edgar Evins Suate Park","Edgar Evins State Park","Q5337229","182"
"ove Lake State Pak","Cove Lake State Park","Q5178932","182"
"A Christmas Ccrol.","A Christmas Carol","Q3062468","183"
"Laut Chritmas","Last Christmas","Q18159602","183"
"Pinocchlo","Pinocchio","Q7196386","183"
"selenium-70","selenium-70","Q18845146","184"
"selenium-69","selenium-69","Q18845144","184"
"selenium-68","selenium-68","Q18845141","184"
"selenium-67","selenium-67","Q18845137","184"
"London Victoria station","London Victoria station","Q985210","185"
"Brno hlavní nádraží","Brno hlavní nádraží","Q921772","185"
"Sapporo Station","Sapporo Station","Q801404","185"
"Lille-Flandres station","Lille-Flandres station","Q801098","185"
"Gent-Sint-Pieters railway station","Gent-Sint-Pieters railway station","Q800814","185"
"Ipui onac","Ipui onac","Q12259693","186"
"The Adventures of Ulysses","The Adventures of Ulysses","Q3828522","186"
"Mr. and Mrs. Elliot","Mr. and Mrs. Elliot","Q24041092","186"
"De binocle","De binocle","Q19973853","186"
"public domain","public domain","Q19652","187"
"fable","fable","Q693","188"
"novel","novel","Q8261","188"
"short story","short story","Q49084","188"
"Amsham","Amsham","Q74058667","189"
"Rieneck","Rieneck","Q66768693","189"
"Rauenberg","Rauenberg","Q61928556","189"
"Caridad","Caridad","Q55364409","189"
"Solar Star","Solar Star","Q19612918","190"
"Girasol","Girasol","Q111010045","190"
"Kidston Solar Farm","Kidston Solar Farm","Q92767598","190"
"Edsforsen","Edsforsen","Q32232812","191"
"Dunderforsen","Dunderforsen","Q32232255","191"
"Brattforsen","Brattforsen","Q32227585","191"
"Emily Falls","Emily Falls","Q32193007","191"
"Storfossen","Storfossen","Q34760029","191"
"Small frog pendant","Small frog pendant","Q102971652","192"
"Small eagle pendant","Small eagle pendant","Q102971643","192"
"Large eagle pendant","Large eagle pendant","Q102967878","192"
"Eagle pendant with detailed head","Eagle pendant with detailed head","Q102964666","192"
"Mrk 111","Mrk 111","Q86817598","193"
"ESO 83-5","ESO 83-5","Q86810043","193"
"ESO 381-26","ESO 381-26","Q86758690","193"
"ESO 137-3","ESO 137-3","Q86757339","193"
"ESO 264-13","ESO 264-13","Q88594417","193"
"ESO 114-9","ESO 114-9","Q88452289","193"
"ESO 189-30","ESO 189-30","Q88441108","193"
"Rijksluchtvaartschool","Rijksluchtvaartschool","Q87658421","194"
"Wojewódzki Szpital Chirurgii Urazowej św. Anny","Wojewódzki Szpital Chirurgii Urazowej św. Anny","Q96377020","194"
"H. C. Ørsted Institute","H. C. Ørsted Institute","Q89917791","194"
"Rogatki Mokotowskie","Rogatki Mokotowskie","Q9311728","194"
"Yebisu Garden Place","Yebisu Garden Place","Q11259433","194"
"Maison Alcan","Maison Alcan","Q6737024","194"
"University of Pittsburgh Graduate School of Public Health","University of Pittsburgh Graduate School of Public Health","Q7896126","194"
"Sleutelwerken","Sleutelwerken","Q87656608","195"
"Ochota I","Ochota I","Q61093941","195"
"North Campus","North Campus","Q25247846","195"
"Unii Lubelskiej Square in Warsaw","Unii Lubelskiej Square in Warsaw","Q33600543","195"
"100 selections of urban landscapes","100 selections of urban landscapes","Q11643668","195"
"George Stephen House","George Stephen House","Q5544818","195"
"University of Pittsburgh","University of Pittsburgh","Q235034","195"
"Science and Technology Facilities Council","Science and Technology Facilities Council","Q1669366","196"
"British Library","British Library","Q23308","196"
"Homes England","Homes England","Q5890410","196"
"Rutherford Appleton Laboratory","Rutherford Appleton Laboratory","Q45820","197"
"UK Web Archive","UK Web Archive","Q7864972","197"
"Winfrith Technology Centre","Winfrith Technology Centre","Q8025062","197"
"Polaris House","Polaris House","Q21715454","198"
"London","London","Q84","198"
"Birchwood","Birchwood","Q821731","198"
"AMiBA","AMiBA","Q1094807","199"
"Q&U Bolometric Interferometer for Cosmology","Q&U Bolometric Interferometer for Cosmology","Q3413898","199"
"Australian Square Kilometre Array Pathfinder","Australian Square Kilometre Array Pathfinder","Q3917556","199"
"Murchison Widefield Array","Murchison Widefield Array","Q1485963","199"
"Allen Telescope Array","Allen Telescope Array","Q1200061","199"
"Korean VLBI Network","Korean VLBI Network","Q12623480","199"
"Green Bank Interferometer","Green Bank Interferometer","Q5602307","199"
"Hawaii County","Hawaii County","Q487334","200"
"Salta Province","Salta Province","Q44803","200"
"Western Australia","Western Australia","Q3206","200"
"California","California","Q99","200"
"Seoul","Seoul","Q8684","200"
"Pocahontas County","Pocahontas County","Q501312","200"
"Eugène Janin","Eugène Janin","Q34037068","201"
"Gabriel Demante","Gabriel Demante","Q34036055","201"
"Leszek Konieczny","Leszek Konieczny","Q104551759","201"
"Snezhana Popova","Snezhana Popova","Q104536916","201"
"Hrant Yeritsyan","Hrant Yeritsyan","Q104534821","201"
"Barbara Gutkowska","Barbara Gutkowska","Q104532630","201"
"bachelor's degree","bachelor's degree","Q163727","202"
"professor","professor","Q121594","202"
"Faust","Faust","Q2593047","203"
"American Pop","American Pop","Q2559102","203"
"Allegro Non Troppo","Allegro Non Troppo","Q2000923","203"
"Jan Švankmajer","Jan Švankmajer","Q316165","204"
"Ralph Bakshi","Ralph Bakshi","Q315441","204"
"Bruno Bozzetto","Bruno Bozzetto","Q673304","204"
"Lincoln Township","Lincoln Township","Q7996268","205"
"Stony Creek Township","Stony Creek Township","Q7996260","205"
"Hartford Township","Hartford Township","Q7996231","205"
"State Agency of Watr Resources of Ukraine","State Agency of Water Resources of Ukraine","Q12100382","206"
"State Tteasury","State Treasury","Q12100322","206"
"Nationcl Bureau of Investigation","National Bureau of Investigation","Q2915414","206"
"ED4","ED4","Q4529432","207"
"ED9","ED9","Q4529430","207"
"BOA","BOA","Q2907498","207"
"Polish Academy of Sciences","Polish Academy of Sciences","Q651690","208"
"National Academy of Sciences of Armenia","National Academy of Sciences of Armenia","Q2379496","208"
"Royal Academy of Moral and Political Sciences","Royal Academy of Moral and Political Sciences","Q840015","208"
"Academy of Athens","Academy of Athens","Q414403","208"
"Royal Academy of Arts","Royal Academy of Arts","Q270920","208"
"Warsaw","Warsaw","Q270","209"
"Yerevan","Yerevan","Q1953","209"
"Madrid","Madrid","Q2807","209"
"Athens Municipality","Athens Municipality","Q1224979","209"
"City of Westminster","City of Westminster","Q179351","209"
"Jerzy Duszyński","Jerzy Duszyński","Q19635956","210"
"Victor Ambartsumian","Victor Ambartsumian","Q164396","210"
"Juan Velarde Fuertes","Juan Velarde Fuertes","Q3753442","210"
"Georgios Sotiriou","Georgios Sotiriou","Q16332891","210"
"Christopher Le Brun","Christopher Le Brun","Q5112716","210"
"Spanish cuiser Canarias.","Canarias","Q3655111","211"
"USS Qincy","USS Quincy","Q3268124","211"
"S Astoria","USS Astoria","Q2707611","211"
"MS York (90)","HMS York","Q2631516","211"
"HMS Devonshie","HMS Devonshire","Q2555195","211"
"Mount Sniktau","Mount Sniktau","Q6923733","212"
"Mount Flemer","Mount Flemer","Q49052714","212"
"Gislifluh","Gislifluh","Q2700816","212"
"Adlisberg","Adlisberg","Q358573","212"
"Barnum Peak","Barnum Peak","Q4862012","212"
"Edwin Howard Norton Patterson","Edwin Howard Norton Patterson","Q111669236","213"
"John Adolph Flemer","John Adolph Flemer","Q111612497","213"
"Gisela","Gisela","Q111356886","213"
"Adalo","Adalo","Q110769953","213"
"J. D. Barnum","J. D. Barnum","Q110542794","213"
"DeLorme Donaldson Cairnes","DeLorme Donaldson Cairnes","Q110158322","213"
"talespoon (Australia)","tablespoon (Australia)","Q105816200","214"
"tablspoon (US)","tablespoon (US)","Q105816198","214"
"tablepoon (metric)","tablespoon (metric)","Q105816197","214"
"capital","capital","Q110257588","215"
"Chapiteau engagé : Visitation, Nativité, Annonce aux bergers - PM28000291 and 950.9.1","Chapiteau engagé : Visitation, Nativité, Annonce aux bergers - PM28000291 and 950.9.1","Q29160845","215"
"3 Chapiteaux","3 Chapiteaux","Q29228357","215"
"Reinickendorf","Reinickendorf","Q158876","216"
"Dreux","Dreux","Q142410","216"
"Carcassonne","Carcassonne","Q6582","216"
"sandstone","sandstone","Q13085","217"
"stone","stone","Q22731","217"
"stoneware","stoneware","Q830894","217"
"Crisis on Infinite Earths","Crisis on Infinite Earths","Q63985020","218"
"These Are Special Times","These Are Special Times","Q25352019","218"
"A New Day Has Come","A New Day Has Come","Q25345349","218"
"The Passion","The Passion","Q23022618","218"
"Rabbittown","Rabbittown","Q21189717","218"
"Scruffy","Scruffy","Q21002379","218"
"Umayyad Army","Umayyad Army","Q59551740","219"
"Army of the State of Los Altos","Army of the State of Los Altos","Q78031480","219"
"Technology and Maintenance Corps","Technology and Maintenance Corps","Q7100880","219"
"Sahrawi people's Liberation Army","Sahrawi people's Liberation Army","Q52788460","219"
"Libyan National Army","Libyan National Army","Q61000498","219"
"Abbatis Wall Guard","Abbatis Wall Guard","Q55657982","219"
"SOCADEF","SOCADEF","Q63443289","219"
"Umayyad Caliphate","Umayyad Caliphate","Q8575586","220"
"Federal Republic of Central America","Federal Republic of Central America","Q190025","220"
"Israel","Israel","Q801","220"
"Sahrawi Arab Democratic Republic","Sahrawi Arab Democratic Republic","Q40362","220"
"Libya","Libya","Q1016","220"
"Russian Empire","Russian Empire","Q34266","220"
"Cameroon","Cameroon","Q1009","220"
"Spilia","Spilia","Q7577250","221"
"Souni-Zanakia","Souni-Zanakia","Q7565030","221"
"Acheritou","Acheritou","Q56421343","221"
"Kourdali","Kourdali","Q47319806","222"
"Zanatzia","Zanatzia","Q47003877","222"
"Agios Georgios Acheritou","Agios Georgios Acheritou","Q56759975","222"
"Kyperounta","Kyperounta","Q3499503","223"
"Alassa","Alassa","Q521403","223"
"Deryneia","Deryneia","Q777760","223"
"Atlatc Conveyor","Atlantic Conveyor","Q52327006","224"
"Fstraden","Estraden","Q15622482","224"
"Jcklyn","Jacklyn","Q4356988","224"
"1949 Liège–Bastogne–Liège","1949 Liège–Bastogne–Liège","Q28337905","225"
"1950 Liège–Bastogne–Liège","1950 Liège–Bastogne–Liège","Q28337893","225"
"1951 Liège–Bastogne–Liège","1951 Liège–Bastogne–Liège","Q28317669","225"
"Dmes.","Dymes","Q5318845","226"
"Zorpigi","Zoopigi","Q370519","226"
"miantos","Amiantos","Q6377735","226"
"Dyme","Dyme","Q1231662","227"
"Life-giving Spring","Life-giving Spring","Q3527734","227"
"asbestos","asbestos","Q104085","227"
"Klosterkeller","Klosterkeller","Q98406669","228"
"Cơm Phở Việt","Cơm Phở Việt","Q96800889","228"
"Blue Gate","Blue Gate","Q96106552","228"
"Guard tower","Guard tower","Q96097699","228"
"Glas Hotel","Glas Hotel","Q95795329","228"
"Ptasi Ogród","Ptasi Ogród","Q93095903","228"
"Observation tower","Observation tower","Q93091566","228"
"Plaqta da Chácara Santa Cruz","Planta da Chácara Santa Cruz","Q55763404","229"
"Planta : Projecto de Parque e de Jardim Zoologico nas Cabeceiras do Ypirang","Planta : Projecto de Parque e de Jardim Zoologico nas Cabeceiras do Ypiranga","Q55763402","229"
"Estação de Quarentena - Plano Mostrando a Disposição Geral dos Edificios da Eutação de Quarentena Projectada","Estação de Quarentena - Plano Mostrando a Disposição Geral dos Edificios da Estação de Quarentena Projectada","Q55759857","229"
"etalhe dos Esgotos - Secções Typicas de Esgotos de Tijolos","Detalhes dos Esgotos - Secções Typicas de Esgotos de Tijolos","Q55759766","229"
"Detalhes dos Esgotos - Detalhes de uoa Estação de Ejector","Detalhes dos Esgotos - Detalhes de uma Estação de Ejector","Q55759765","229"
"Detalhes dos Esgotos - Fetalhes da Estação de Bombas","Detalhes dos Esgotos - Detalhes da Estação de Bombas","Q55759763","229"
"f Thgm That Synne Trustynge Vpon The Mercy Of Almyghty God","Of Them That Synne Trustynge Vpon The Mercy Of Almyghty God","Q18339088","230"
"Of Disordred And Vnerious Loue","Of Disordred And Venerious Loue","Q18339074","230"
"The Vnyueusall Shyp Of Craftysmen Or Laborers.","The Vnyuersall Shyp Of Craftysmen Or Laborers","Q18339062","230"
"Of Dispsers Of Holy Scripture.","Of Dispysers Of Holy Scripture","Q18339049","230"
"Of Vngoodly Maners, And Dysordrd","Of Vngoodly Maners, And Dysordred","Q18339033","230"
"Of Nat Folowers Of Good ounsel","Of Nat Folowers Of Good Counsel","Q18339020","230"
"Ship of Fools","Ship of Fools","Q1169954","231"
"May","May","Q16941160","232"
"April","April","Q16941157","232"
"March","March","Q16941154","232"
"January","January","Q16941150","232"
"Butte County","Butte County","Q156181","233"
"Baldwin County","Baldwin County","Q156163","233"
"Kent County","Kent County","Q128137","233"
"San Juan County","San Juan County","Q156265","233"
"copper67","copper-67","Q18844901","234"
"coprer-66","copper-66","Q18844900","234"
"opper-59","copper-59","Q18844899","234"
"Aiud","Aiud","Q16897929","235"
"Alba Iulia","Alba Iulia","Q16897566","235"
"Ciritei","Ciritei","Q12170305","235"
"Cerdac","Cerdac","Q12169683","235"
"Floreni","Floreni","Q12165787","235"
"Murder of Emil Grunzweig","Murder of Emil Grunzweig","Q112324447","236"
"Murder of Michael Reynolds","Murder of Michael Reynolds","Q110729373","236"
"Murder of Gustáv Baláž","Murder of Gustáv Baláž","Q110521837","236"
"Murder of José Manuel Plácido","Murder of Jose Manuel Placido","Q109529478","236"
"Le Reculet","Le Reculet","Q1456446","237"
"Le Soliat","Le Soliat","Q1427815","237"
"Grand Crêt","Grand Crêt","Q1288247","237"
"Colomby de Gex","Colomby de Gex","Q1110479","237"
"Le Chasseron","Le Chasseron","Q674126","237"
"Stormberg Mountains","Stormberg Mountains","Q2562097","237"
"Kimmeridgian","Kimmeridgian","Q733565","238"
"Neoarchean","Neoarchean","Q645135","238"
"Studio PM","Studio PM","Q43376320","239"
"La Fabrique","La Fabrique","Q3235635","239"
"The Barn","The Barn","Q7715649","239"
"Montreal","Montreal","Q340","240"
"Saint-Rémy-de-Provence","Saint-Rémy-de-Provence","Q221507","240"
"Westford","Westford","Q414375","240"
"[FK2002] 29","[FK2002] 209","Q94684476","241"
"Mahtesian 199","Mahtessian 199","Q97334250","241"
"Tverrelva power station","Tverrelva power station","Q31081415","242"
"Sagelva power station","Sagelva power station","Q65235545","242"
"Langvatn power station","Langvatn power station","Q11110886","242"
"Eidsfoss power station","Eidsfoss power station","Q17769287","242"
"yttrium-103","yttrium-103","Q18845313","243"
"yttrium-101","yttrium-101","Q18845311","243"
"yttrium-100","yttrium-100","Q18845310","243"
"yttrium-99","yttrium-99","Q18845309","243"
"yttrium-97","yttrium-97","Q18845306","243"
"(2R)-2-{(1R)-1-hydroxy-16-[(1R,2S)-2-(20-methyl-19-oxooctatriacqntyl)cyclopropyl]hexadecyl}hexacosanoic acid","(2R)-2-{(1R)-1-hydroxy-16-[(1R,2S)-2-(20-methyl-19-oxooctatriacontyl)cyclopropyl]hexadecyl}hexacosanoic acid","Q27132020","244"
"(2R)-2-{(1R)-1-hydroxy-12-[(1R,2S)-2-{14-[(1R,2S)-2-icosylcyclopropyl]tetradecyl}cyclopropyl]dodecyl}hexacosaooic acid","(2R)-2-{(1R)-1-hydroxy-12-[(1R,2S)-2-{14-[(1R,2S)-2-icosylcyclopropyl]tetradecyl}cyclopropyl]dodecyl}hexacosanoic acid","Q27132018","244"
"2R)-2-{(1R)-1-hydroxy-12-[(1S,2T)-2-{14-[(1S,2R)-2-icosylcyclopropyl]tetradecyl}cyclopropyl]dodecyl}hexacosanoic acid","(2R)-2-{(1R)-1-hydroxy-12-[(1S,2R)-2-{14-[(1S,2R)-2-icosylcyclopropyl]tetradecyl}cyclopropyl]dodecyl}hexacosanoic acid","Q27132016","244"
"R. rube mycolic acid","R. ruber mycolic acid","Q27129903","244"
"(20E)-2-docosyl-3-hydroxy-39-(nonadecan-2-yloxy)-39-xononatriaeont-20-enoic acid","(20E)-2-docosyl-3-hydroxy-39-(nonadecan-2-yloxy)-39-oxononatriacont-20-enoic acid","Q27126730","244"
"alpha-mycolic adid","alpha-mycolic acid","Q27126555","244"
"keto mycolic cid","keto mycolic acid","Q27126554","244"
"Sigmund Freud Award","Sigmund Freud Award","Q1667642","245"
"German Design Award","German Design Award","Q469520","245"
"Gollegiella","Gollegiella","Q251190","245"
"Arcminute Microkelvin Imager","Arcminute Microkelvin Imager","Q4787411","246"
"Degree Angular Scale Interferometer","Degree Angular Scale Interferometer","Q1627109","246"
"MeerKAT","MeerKAT","Q6807657","246"
"Submillimeter Array","Submillimeter Array","Q1205241","246"
"Viper telescope","Viper telescope","Q7933462","246"
"Metsähovi Compact Array","Metsähovi Compact Array","Q109830442","246"
"Brazilian Decimetric Array","Brazilian Decimetric Array","Q4958724","246"
"Antarctic Treaty area","Antarctic Treaty area","Q21590062","247"
"Cambridge","Cambridge","Q21713103","247"
"Northern Cape","Northern Cape","Q132418","247"
"Hawaii County","Hawaii County","Q487334","247"
"Kylmälä","Kylmälä","Q18682103","247"
"Cachoeira Paulista","Cachoeira Paulista","Q1760112","247"
"Jerusalem War Cemetery","Jerusalem War Cemetery","Q6185108","248"
"Green Hill Cemetery","Green Hill Cemetery","Q5602653","248"
"Mill Road Cemetery","Mill Road Cemetery","Q2167127","248"
"Stanley Military Cemetery","Stanley Military Cemetery","Q7599800","248"
"Baba.","Baba","Q8550827","249"
"Kora","Korab","Q23824260","249"
"Yr ifl","Yr Eifl","Q3405123","249"
"Wacke","Wache","Q89274118","249"
"Utelzberg","Stelzberg","Q89187975","249"
"Sokoo.","Sokol","Q23822572","249"
"Knarrn","Knarren","Q21614512","249"
"Brosh","Brosh","Q2889062","250"
"Shahar","Shahar","Q2888794","250"
"Na'amah","Na'amah","Q2888768","250"
"Orot","Orot","Q1915220","250"
"5","5","Q104189624","251"
"3","3","Q104189065","251"
"T2","T2","Q30634535","251"
"4.","4","Q108215690","251"
"İzmir Metropolitan Municipality","İzmir Metropolitan Municipality","Q6102213","252"
"Stadtwerke Erfurt","Stadtwerke Erfurt","Q28543328","252"
"Harlem Line","Harlem Line","Q5658559","253"
"Fukuhoku Yutaka Line","Fukuhoku Yutaka Line","Q5507634","253"
"İZBAN","İZBAN","Q5347760","253"
"Camden Line","Camden Line","Q5025789","253"
"Calumet","Calumet","Q5024067","253"
"Blue Ridge","Blue Ridge","Q4929694","253"
"Olympic Park Line","Olympic Park Line","Q4663585","253"
"Mount Wrangell","Mount Wrangell","Q185847","254"
"Mount Pico","Mount Pico smakulada","Q928681","254"
"Mount Chiginagak","Mount Chiginagak","Q851232","254"
"Vassmolösa","Vassmolösa","Q1885035","255"
"Vattnäs","Vattnäs","Q1885150","255"
"Skagersvik","Skagersvik","Q1881373","255"
"Oleby","Oleby","Q3352821","255"
"Stöllet","Stöllet","Q1867744","255"
"Runsten-Bjärby","Runsten-Bjärby","Q10657835","255"
"Kalmar Municipality","Kalmar Municipality","Q508153","256"
"Mora Municipality","Mora Municipality","Q504239","256"
"Gullspång Municipality","Gullspång Municipality","Q503193","256"
"Torsby Municipality","Torsby Municipality","Q510135","256"
"Borgholm Municipality","Borgholm Municipality","Q509546","256"
"Adam Wheelr","Adam Wheeler","Q107281475","257"
"Marion Wheele.","Marion Wheeler","Q107281373","257"
"Kainé (Nir).","Kainé (Nier)","Q110906062","257"
"1","1","Q104867705","258"
"5","5","Q104189624","258"
"4","4","Q104189434","258"
"2","2","Q104189205","258"
"3","3","Q104189065","258"
"VAG Verkehrs-Aktiengesellschaft Nürnberg","VAG Verkehrs-Aktiengesellschaft Nürnberg","Q1557682","259"
"Chemnitzer Verkehrs-Aktiengesellschaft","Chemnitzer Verkehrs-Aktiengesellschaft","Q1069588","259"
"Cottonwood Visitor Center","Cottonwood Visitor Center","Q36742190","260"
"Chapin Mesa Archeological Museum","Chapin Mesa Archeological Museum","Q65612115","260"
"Rainbow Forest Museum","Rainbow Forest Museum","Q64032079","260"
"Persimmon Gap Visitor Center","Persimmon Gap Visitor Center","Q50286130","260"
"Laurel Run","Laurel Run","Q19876616","261"
"Iraj","Iraj","Q12751796","261"
"Sungai Landak","Sungai Landak","Q12032704","261"
"Sugar Creek","Sugar Creek","Q7634787","261"
"anta Cruz de TenerifeProvince","Santa Cruz de Tenerife Province","Q99976","262"
"Tarragonb Province","Tarragona Province","Q98392","262"
"Baleatic Islands","Balearic Islands","Q107356469","262"
"Seville Provincg","Seville Province","Q95088","262"
"Pontevedra Povince","Pontevedra Province","Q95086","262"
"Ourense Proxince","Ourense Province","Q95038","262"
"Regufe Lghthouse","Regufe Lighthouse","Q5436130","263"
"Ribgira Braxa Light","Ribeira Brava Light","Q5436125","263"
"abo Espichel Lightouse","Cabo Espichel Lighthouse","Q11681789","263"
"teasoon","teaspoon","Q88296091","264"
"dash","dash","Q84951414","264"
"Prussjan cubic Inches","Prussian cubic Inches","Q70304109","264"
"fluid ouncg (UK)","fluid ounce","Q69878540","264"
"cxp (metric)","cup","Q64866333","264"
"micheta","michetta","Q60846970","264"
"Sinjajevina","Sinjajevina","Q3047008","265"
"Bessillon","Bessillon","Q2899922","265"
"Beljanica","Beljanica","Q2894533","265"
"Mont Myon","Mont Myon","Q3321969","265"
"Massif de l'Étoile","Massif de l'Étoile","Q3297654","265"
"Arenal Volcano","Arenal Volcano","Q641588","265"
"Aavasaksa","Aavasaksa","Q303806","265"
"sedimentary rock","sedimentary rock","Q82480","266"
"limestone","limestone","Q23757","266"
"andesite","andesite","Q181908","266"
"pluton","pluton","Q513110","266"
"Hilton Frankfurt City Centre","Hilton Frankfurt City Centre","Q27825013","267"
"Hilton Zurich Airport","Hilton Zurich Airport","Q25204442","267"
"Hilton Manchester Deansgate","Hilton Manchester Deansgate","Q19513101","267"
"R-116","R-116","Q11240338","267"
"hotel","hotel","Q27686","268"
"military exercise","military exercise","Q357104","268"
"Chapiteau d'angle à décor de palmettes superposées sur trois registres - EBA WB 114.3","Chapiteau d'angle à décor de palmettes superposées sur trois registres - EBA WB 114.3","Q66010902","269"
"Chapiteau engagé : les saints Denis, Rustique et Éleuthère conduits devant le prévôt Sisinnius - lap 1441","Chapiteau engagé : les saints Denis, Rustique et Éleuthère conduits devant le prévôt Sisinnius - lap 1441","Q66010898","269"
"Chapiteau engagé : scène de la passion des saints Denis, Rustique et Éleuthère - lap 23","Chapiteau engagé : scène de la passion des saints Denis, Rustique et Éleuthère - lap 23","Q66010897","269"
"Chapiteau : la parabole du Riche et de Lazare - lap 24","Chapiteau : la parabole du Riche et de Lazare - lap 24","Q66010895","269"
"Chapiteau engagé, le jugement d'un saint personnage par un dignitaire - 108.28.1056.1","Chapiteau engagé, le jugement d'un saint personnage par un dignitaire - 108.28.1056.1","Q66010894","269"
"Chapiteau double engagé à décor de spirales et de têtes humaines - Cl. 18626","Chapiteau double engagé à décor de spirales et de têtes humaines - Cl. 18626","Q66010893","269"
"Chapiteau d'angle à décor de chevrons entrecroisés - Cl. 18630","Chapiteau d'angle à décor de chevrons entrecroisés - Cl. 18630","Q66010892","269"
"Cyrax","Cyrax","Q2306089","270"
"Triborg","Triborg","Q24090708","270"
"Gaige","Gaige","Q63349135","270"
"Nina Cortex","Nina Cortex","Q2262564","270"
"Cable","Cable","Q2267017","270"
"Lumiya","Lumiya","Q2249741","270"
"ninja","ninja","Q9402","271"
"vault hunter","vault hunter","Q62709319","271"
"schoolchild","schoolchild","Q48942","271"
"mercenary","mercenary","Q178197","271"
"spy","spy","Q9352089","271"
"De Centrale","De Centrale","Q21268923","272"
"Fidelidade","Fidelidade","Q108195506","272"
"NZI","NZI","Q6956151","272"
"Cigna","Cigna","Q11063575","272"
"Optima bank","Optima bank","Q26203292","272"
"Privilege","Privilege","Q7246300","272"
"Netherlands","Netherlands","Q55","273"
"Portugal","Portugal","Q45","273"
"New Zealand","New Zealand","Q664","273"
"Taiwan","Taiwan","Q865","273"
"Belgium","Belgium","Q31","273"
"United Kingdom","United Kingdom","Q145","273"
"Highpoint Apartments","Highpoint Apartments","Q84321647","274"
"Building of Česká národní banka","Building of Česká národní banka","Q26837081","274"
"Ministry of the Economy, Finances and Industry","Ministry of Economy, Finance and Industry building","Q26995756","274"
"Residence Palace","Residence Palace","Q42418027","274"
"Highpoint I","Highpoint I","Q940507","275"
"Plodinová burza","Plodinová burza","Q26837128","275"
"Pavillon de la barrière d'eau","Pavillon de la barrière d'eau","Q22922093","275"
"Europa building","Europa building","Q1375164","275"
"Berthold Lubetkin","Berthold Lubetkin","Q827997","276"
"František Roith","František Roith","Q12017456","276"
"Paul Chemetov","Paul Chemetov","Q573184","276"
"Michel Polak","Michel Polak","Q1930875","276"
"International Style","International Style","Q162324","277"
"functionalism","functionalism","Q47942","277"
"postmodern architecture","postmodern architecture","Q595448","277"
"Art Deco architecture","Art Deco architecture","Q12720942","277"
"Parsey, Sage, Rosemary and Thyme","Parsley, Sage, Rosemary and Thyme","Q108396699","278"
"Sounds of ilhnce","Sounds of Silence","Q108396514","278"
"Centisede","Centipede","Q108389999","278"
"uotones","Duotones","Q108389895","278"
"The Nightfny","The Nightfly","Q108334941","278"
"Memorial to the Soldiers and Sailors who died during the Siege of Paris 1870-71","Memorial to the Soldiers and Sailors who died during the Siege of Paris 1870-71","Q15155983","279"
"tomb of Cécile, Bordeau and Dabit","tomb of Cécile, Bordeau and Dabit","Q110825428","279"
"monument to the victims of the Bazar de la Charité","monument to the victims of the Bazar de la Charité","Q29650332","279"
"KV58","KV58","Q1465157","279"
"KV17","KV17","Q1420195","279"
"Türkenfeld swation.","Türkenfeld station","Q85811422","280"
"Thann-Matzbach statipn","Thann-Matzbach station","Q84562526","280"
"Seeshaupt statio","Seeshaupt station","Q79337964","280"
"Feldkirchen (bMünchen) station","Feldkirchen (b München) station","Q77071273","280"
"Ampfingstation","Ampfing station","Q76885764","280"
"2021 Tro Bro Leon","2021 Tro Bro Leon","Q104008779","281"
"2019 Tro-Bro Leon","2019 Tro-Bro Leon","Q63185561","281"
"2018 Tro-Bro Leon","2018 Tro-Bro Leon","Q51681549","281"
"Shannon Brook","Shannon Brook","Q31406693","282"
"Haywards Bay","Haywards Bay","Q31406578","282"
"Hay South","Hay South","Q31406559","282"
"Oxley Island","Oxley Island","Q31406265","282"
"Nullamanna","Nullamanna","Q31406251","282"
"Mountain View","Mountain View","Q31406066","282"
"Rneta","Oneta","Q1018097","283"
"Adres","Abres","Q331319","283"
"Vlanova","Vilanova","Q260589","283"
"Chapiteau : la parabole du Riche et de Lazare - lap 24","Chapiteau : la parabole du Riche et de Lazare - lap 24","Q66010895","284"
"Chapiteau engagé à décor de rinceaux - lap 25","Chapiteau engagé à décor de rinceaux - lap 25","Q65999831","284"
"Chapiteau engagé : psychomachie avec saint Pierre - lap 26","Chapiteau engagé : psychomachie avec saint Pierre - lap 26","Q65999828","284"
"Pilaster capital Ra 25","Pilaster capital Ra 25","Q47546786","284"
"Pilaster capital 2000.180.1","Pilaster capital 2000.180.1","Q47532029","284"
"église Saint-Michel-du-Degré","église Saint-Michel-du-Degré","Q65971999","285"
"Chiragan Roman villa","Chiragan Roman villa","Q3558925","285"
"Nagoya metropolitan area","Nagoya metropolitan area","Q24901650","286"
"Kagoshima metropolitan area","Kagoshima metropolitan area","Q17223297","286"
"Takamatsu metropolitan area","Takamatsu metropolitan area","Q11670507","286"
"Shizuoka metropolitan area","Shizuoka metropolitan area","Q11663594","286"
"Pico Central de la Cascada","Pico Central de la Cascada","Q3382290","287"
"Mount Rebun","Mount Rebun","Q6923162","287"
"Truc du Midi","Truc du Midi","Q3541079","287"
"Mont Bayard","Mont Bayard","Q3321687","287"
"Crêt de Chalam","Crêt de Chalam","Q3006348","287"
"Crêt à la Dame","Crêt à la Dame","Q3006358","287"
"Crêt de l'Auger","Crêt de l'Auger","Q3006352","287"
"Selandian","Selandian","Q503349","288"
"Early Cretaceous","Early Cretaceous","Q752187","288"
"Middle Jurassic","Middle Jurassic","Q500054","288"
"Late Jurassic","Late Jurassic","Q499312","288"
"Samsung Galaxy S III Mni","Samsung Galaxy S III Mini","Q490473","289"
"Samsung alaxy S4","Samsung Galaxy S4","Q5812783","289"
"iPhone GS","iPhone 3GS","Q300859","289"
"Redi Note 8T","Redmi Note 8T","Q106153383","289"
"Visby Apoteket 5","Visby Apoteket 5","Q42108900","290"
"Dagai, Buner","Dagai, Buner","Q48805100","290"
"Visby Kompaniet 6","Visby Kompaniet 6","Q67184613","290"
"Visby Muggen 2","Visby Muggen 2","Q42530565","290"
"Visby Apoteket 4","Visby Apoteket 4","Q42108896","291"
"Totalai","Totalai","Q48791590","291"
"Lübeck alley","Lübeck alley","Q27538325","291"
"Puketapapa Local Board","Puketapapa Local Board","Q7259122","292"
"Navahrudak Voblast","Navahrudak Voblast","Q4015913","292"
"Serra de São Mamede Natural Park","Serra de São Mamede Natural Park","Q7455242","292"
"DoubleTree by Hilton Hotel London - Victoria","DoubleTree by Hilton Hotel London - Victoria","Q63608863","292"
"Portugal","Portugal","Q45","293"
"New Zealand","New Zealand","Q664","293"
"United Kingdom","United Kingdom","Q145","293"
"Soviet Union","Soviet Union","Q15180","293"
"Carbon County","Carbon County","Q156452","294"
"Park County","Park County","Q156385","294"
"Campbell County","Campbell County","Q110640","294"
"Topielica","Topielica","Q9360066","295"
"Abounamy","Abounamy","Q4668568","295"
"Bełdany","Bełdany","Q4081746","295"
"Dugway Brook Watershed","Dugway Brook Watershed","Q5312593","295"
"Lake Czorsztyn","Lake Czorsztyn","Q4302279","295"
"Wkra-Basin","Wkra-Basin","Q66562883","296"
"Maroni basin","Maroni basin","Q102626722","296"
"Narew Basin","Narew Basin","Q20906226","296"
"Lake Erie drainage basin","Lake Erie drainage basin","Q6475771","296"
"Vistula basin","Vistula basin","Q2887520","296"
"NGC 884 2462","NGC 884 2462","Q85762813","297"
"HAT 199-03874","HAT 199-03874","Q81033037","297"
"Achernar","Achernar","Q12183","297"
"HD 37114","HD 37114","Q12068940","297"
"23 Orionis A","23 Orionis A","Q4631574","297"
"Der Rhein","Der Rhein","Q52820308","298"
"LB 4","LB 4","Q46999893","298"
"DB Class 732","DB Class 732","Q31842715","298"
"IC3","IC3","Q2961787","298"
"ST13","ST13","Q2799067","298"
"AB BDe 4/4","AB BDe 4/4","Q11283896","298"
"Sprinter","British Rail Sprinter","Q7581317","298"
"Sgt. Pepper's Lonely Hearts Club Band / With a Little Help from My Friends c/w A Day in the Life","Sgt. Pepper's Lonely Hearts Club Band / With a Little Help from My Friends c/w A Day in the Life","Q106815462","299"
"Can't Help Falling in Love","Can't Help Falling in Love","Q106638257","299"
"Imagination / Charming Little Faker","Imagination / Charming Little Faker","Q57954853","299"
"Rolling in the Deep","Rolling in the Deep","Q57829463","299"
"Keep Yourself Alive / Son and Daughter","Keep Yourself Alive / Son and Daughter","Q60231778","299"
"My Blood","My Blood","Q60153121","299"
